file_name,section,sentence_num,eng_original,hindi_sarvam,eng_back
AU3699,Question,1,"Will the Minister of EDUCATION be pleased to state: (a) whether the Government proposes any action plan to promote traditional Indian sports by including them into the educational curriculum; (b) if so, the details thereof; (c) whether an expert team has been formed to formulate standard rules for traditional Indian sports identified by the Government; (d) if so, the details thereof; (e) whether any proposal is under consideration of the Government to include traditional self-defence arts, i.e., martial arts, in the sports curriculum; (f) whether any action plan has been prepared to train physical education teachers employed in educational institutions in these sports of the Indian knowledge tradition; and (g) if so, the details thereof?","क्या शिक्षा मंत्री इस बात से प्रसन्न होंगे कि: (क) क्या सरकार पारंपरिक भारतीय खेलों को शैक्षिक पाठ्यक्रम में शामिल करके उन्हें बढ़ावा देने के लिए कोई कार्य योजना प्रस्तावित करती है; (ख) यदि हाँ, तो उसका विवरण; (ग) क्या सरकार द्वारा पारंपरिक भारतीय खेलों के लिए मानक नियम तैयार करने के लिए एक विशेषज्ञ दल का गठन किया गया है; (ङ) यदि हाँ, तो उसका विवरण; (ප) क्या सरकार द्वारा पारंपरिक आत्मरक्षा कलाओं, अर्थात् युद्ध कला, को शामिल करने के लिए कोई प्रस्ताव विचाराधीन है; (ප) यदि हाँ, तो उसका विवरण; (ඥ) क्या सरकार द्वारा पारंपरिक आत्मरक्षा कलाओं को शामिल करने के लिए कोई प्रस्ताव विचाराधीन है?पाठयक्रम में युद्ध कला; (ङ) क्या भारतीय ज्ञान परंपरा के इन खेलों में कार्यरत शारीरिक शिक्षा शिक्षकों को प्रशिक्षित करने के लिए कोई कार्य योजना तैयार की गई है; और (ঢ) यदि हाँ, तो इसकी विस्तृत जानकारी?","Will the education minister be pleased with the fact that: (a) Does the Government have a plan to promote traditional Indian games by including them in the academic curriculum; (b) If yes, what are the details; (c) Has the Government constituted a panel of experts to prepare a standard set of rules for traditional Indian games; (d) If yes, what are the details; (e) Whether the Government is considering any proposal to include traditional self-defence arts, i.e., martial arts, in the academic curriculum; (f) If yes, what are the details So, the details of that; (s) is there any proposal underway by the government to include traditional self defence arts?Warfare in the curriculum; (n) a workplan to train the physical education teachers of these sports from Indian knowledge traditions; and (d) a detailed account of its implementation, if any?"
AU3699,Answer,1,to (g) The National Education Policy (NEP) 2020 emphasizes on the importance of sports in education and bringing sports in main stream education.,राष्ट्रीय शिक्षा नीति (एन.ई.पी.) 2020 शिक्षा में खेलों के महत्व और खेलों को मुख्यधारा की शिक्षा में लाने पर जोर देती है।,The National Education Policy (NEP) 2020 emphasises the importance of sports and the mainstreaming of sports in education.
AU3699,Answer,2,"Para 4.8 of NEP 2020, inter-alia, “Sports-integration is another cross-curricular pedagogical approach that utilizes physical activities including indigenous sports, in pedagogical practices to help in developing skills such as collaboration, self-initiative, self-direction, self-discipline, teamwork, responsibility, citizenship, etc.","एन.ई.पी. 2020 का पैरा 4.8, अन्य बातों के साथ, ""खेल-एकीकरण एक अन्य अंतःविषय शिक्षण दृष्टिकोण है जो स्वदेशी खेलों सहित शारीरिक गतिविधियों का उपयोग करता है, जो सहयोग, आत्म-प्रारंभिकता, आत्म-निर्देशन, आत्म-अनुशासन, टीमवर्क, जिम्मेदारी, नागरिकता आदि जैसे कौशल विकसित करने में मदद करने के लिए शैक्षिक प्रथाओं में शिक्षण विधियों में उपयोग किया जाता है।","Para 4.8 of NEP 2020, among other things, says, ""Sports-integration is another interdisciplinary pedagogical approach that uses physical activities including indigenous sports, to help learners develop skills like cooperation, self-initiative, self-direction, self-regulation, teamwork, responsibility, citizenship, etc. in academic practices""."
AU3699,Answer,3,"Under the Samagra Shiksha scheme, a dedicated component on Sports and Physical Education has been introduced to encourage regular sports activities and fitness programmes in schools.","समग्र शिक्षा योजना के तहत, विद्यालयों में नियमित खेल गतिविधियों और स्वास्थ्य कार्यक्रमों को प्रोत्साहित करने के लिए खेल और शारीरिक शिक्षा पर एक समर्पित घटक शुरू किया गया है।","Under the Samagra Shiksha Abhiyan, a dedicated component has been launched with the objective of promoting regular play and physical education in schools through increased exposure and exposure programmes."
AU3699,Answer,4,"In this regard, this Department has issued guidelines for sports grant under the Samagra Shiksha which emphasize the effective utilization of funds for organizing sports activities, maintaining playgrounds and sports infrastructure and promoting daily physical activity in schools.","इस संबंध में, इस विभाग ने समग्र शिक्षा के तहत खेल अनुदान के लिए दिशानिर्देश जारी किए हैं जो खेल गतिविधियों के आयोजन, खेल के मैदानों और खेल बुनियादी ढांचे को बनाए रखने और विद्यालयों में दैनिक शारीरिक गतिविधि को बढ़ावा देने के लिए धन के प्रभावी उपयोग पर जोर देते हैं।","In this regard, the Department has issued guidelines for Sports Grant under Samagra Shiksha which emphasise the effective utilisation of funds for organising sports activities, maintenance of playgrounds and sports infrastructure and for promoting daily physical activities in schools."
AU3699,Answer,5,These guidelines mention the indicative list of age-appropriate sports equipment for government schools.,इन दिशानिर्देशों में सरकारी विद्यालयों के लिए आयु-उपयुक्त खेल उपकरणों की सूचि का उल्लेख किया गया है।,These guidelines mention the list of age-appropriate play equipment for government schools.
AU3699,Answer,6,States and Union Territories have been advised to encourage the inclusion of traditional and regional games in school activities.,राज्यों और केंद्र शासित प्रदेशों को सलाह दी गई है कि वे विद्यालय गतिविधियों में पारंपरिक और क्षेत्रीय खेलों को शामिल करने के लिए प्रोत्साहित करें।,The states and union territories are advised to encourage traditional and regional games in school activities.
AU3699,Answer,7,"To popularize such games among children, schools have also been encouraged to organize indigenous games periodically.","बच्चों के बीच ऐसे खेलों को लोकप्रिय बनाने के लिए, विद्यालयों को समय-समय पर स्वदेशी खेलों का आयोजन करने के लिए भी प्रोत्साहित किया गया है।",Schools have also been encouraged to hold indigenous games from time to time to popularise them among the children.
AU3699,Answer,8,"As a follow-up of NEP 2020, the National Council of Educational Research and Training (NCERT) has brought out the National Curriculum Framework for School Education (NCF-SE)-2023 which provides that Physical education is now considered a core curricular area with its own specific learning standards and has specific recommendations for content selection, pedagogical approaches, and ways of assessment.","एन.ई.पी. 2020 के अनुवर्ती के रूप में, राष्ट्रीय शैक्षिक अनुसंधान और प्रशिक्षण परिषद (एन.सी.ई.आर.टी.) ने स्कूली शिक्षा के लिए राष्ट्रीय पाठ्यक्रम रूपरेखा (एन.सी.एफ.-एस.ई.) 2023 जारी की है, जिसमें कहा गया है कि शारीरिक शिक्षा को अब अपने स्वयं के विशिष्ट शिक्षण मानकों के साथ एक प्रमुख पाठ्यक्रम क्षेत्र माना जाता है और इसमें सामग्री चयन, शिक्षण दृष्टिकोण और मूल्यांकन के तरीकों के लिए विशिष्ट सिफारिशें दी गई हैं।","As a follow up to NEP 2020, National Council of Educational Research and Training (NCERT) has released the National Curriculum Framework for School Education 2023, which states that physical education is now a stand-alone subject with its own set of learning standards, and it has specific recommendations for content selection, teaching approaches, and methods of assessment."
AU3699,Answer,9,Physical Education and Well-being has been introduced as a compulsory subject in grades 3 to 10 as per the recommendations of NCF-SE 2023.,"एन.सी.एफ.-एस.ई. 2023 की सिफारिशों के अनुसार, तृतीय से दसवीं कक्षा में शारीरिक शिक्षा और कल्याण को एक अनिवार्य विषय के रूप में शामिल किया गया है।","As per the recommendations of NCF-SE 2023, Physical Education and Wellness is a compulsory subject for classes III to X."
AU3699,Answer,10,"Accodingly, NCERT has brought out textbooks for Physical Education and Well-being from Grade 3 to 8.","तदनुसार, एन.सी.ई.आर.टी. ने तृतीय से आठवीं कक्षा तक के शारीरिक शिक्षा और कल्याण के लिए पाठ्यपुस्तकें जारी की हैं।","Accordingly, NCERT has released textbooks for physical education and welfare for classes III to VIII."
AU3699,Answer,11,"These textbooks integrate traditional and indigenous games, in line with the NEP 2020 and NCF-SE 2023, emphasizing holistic development, physical fitness, and experiential learning.","ये पाठ्यपुस्तकें एन.ई.पी. 2020 और एन.सी.एफ.-एस.ई. 2023 के अनुरूप पारंपरिक और स्वदेशी खेलों को एकीकृत करती हैं, जो समग्र विकास, शारीरिक फिटनेस और अनुभवात्मक शिक्षण पर जोर देती हैं।","These textbooks integrate traditional and indigenous games in line with NEP 2020 and NCF-SE 2023, emphasizing holistic development, physical fitness, and experiential learning."
AU3699,Answer,12,"These promote physical literacy, fitness, and holistic development of students.","ये छात्रों के शारीरिक साक्षरता, स्वास्थ्य और समग्र विकास को बढ़ावा देते हैं।","They promote the physical literacy, health and overall development of students."
AU3699,Answer,13,"Salient features of the Curriculum and study/activity material of Physical Education and Sports are as follows; Khel Yoga, for grades 3 to 5, includes-  72 activities to develop Basic Motor movements, with joyful experiential learning, in a progressive and age-appropriate manner from Grade 3 to 5.","शारीरिक शिक्षा और खेल के पाठ्यक्रम और अध्ययन/गतिविधि सामग्री की प्रमुख विशेषताएँ निम्नलिखित हैं; खेल योग, ग्रेड 3 से 5 के लिए, इसमें शामिल हैं-  3 से 5वीं कक्षा तक प्रगतिशील और आयु-उपयुक्त तरीके से आनंददायक अनुभवात्मक शिक्षण के साथ बुनियादी मोटर गतिविधियों को विकसित करने के लिए 72 गतिविधियाँ हैं।","The following are the major features of the Physical Education and Sports Curriculum and Study/Activity Material; Sports Yoga, for grades 3 to 5, include:  There are 72 activities for developing basic motor skills in a progressive and age-appropriate manner from grades 3-5, including enjoyable experiential learning."
AU3699,Answer,14," 47 types of Warm Up and Cool-down exercises (15 in Grade 3, 16 in Grade 4 & 5)."," 47 प्रकार के वार्म अप और कूल-डाउन व्यायाम (ग्रेड 3 में 15, ग्रेड 4 और 5 में 16)।"," 47 types of warm up and cool down exercises (15 in grade 3, 16 per grade 4 and 5)."
AU3699,Answer,15," 42 Indigenous Games /Our Games - (17 in Grade 3, 13 in Grade 4, 12 in Grade 5)."," 42 स्वदेशी खेल/हमारे खेल - (ग्रेड 3 में 17, ग्रेड 4 में 13, ग्रेड 5 में 12)।"," 42 Indigenous Sports/Our Games - 17 in Grade 3, 13 in Grade 4, 12 in Grade 5."
AU3699,Answer,16," Yoga, which is divided into two sections: Yoga for Healthy Living and Yoga for Sadhna."," योग, जो दो खंडों में विभाजित हैः स्वस्थ जीवन के लिए योग और साधना के लिए योग।"," Yoga, which is divided into two sections: Yoga for healthy living and Yoga for spiritual practice."
AU3699,Answer,17,"Khel Yatra, for grades 6 to 8, includes-  A total of 50 activities based on the progression of indigenous/ traditional and Ethnosport.","खेल यात्रा, कक्षा 6 से 8 के लिए, में शामिल हैं-  कुल 50 गतिविधियाँ स्वदेशी/पारंपरिक और एथ्नोसपोर्ट की प्रगति पर आधारित हैं।",The sports tournament for classes 6-8 includes the following-  A total of 50 activities are based on indigenous/traditional and ethnosport activities.
AU3699,Answer,18," Eight modern/internationally recognized sports, namely Kho-kho, Kabaddi, Football, Track and Field, Table-Tennis, Badminton, Handball, and Volleyball, with their fundamental skills."," आठ आधुनिक/अंतर्राष्ट्रीय स्तर पर मान्यता प्राप्त खेल, अर्थात् खो-खो, कबड्डी, फुटबॉल, ट्रैक और फील्ड, टेबल-टेनिस, बैडमिंटन, हैंडबॉल और वॉलीबॉल, उनके मौलिक कौशल के साथ।"," Eight modern/international level recognised sports namely Kho-Kho, Kabaddi, Football, Track & Field, Table-tennis, Badminton, Handball and Volleyball along with their fundamental skills."
AU3699,Answer,19," Yoga, which is divided into two sections; Yoga for Daily Life and Yoga for Sadhna."," योग, जिसे दो भागों में विभाजित किया गया है; दैनिक जीवन के लिए योग और साधना के लिए योग।"," Yoga, which is divided into two parts; Yoga for daily life and Yoga for spiritual practice."
AU3699,Answer,20,Indigenous as well as international martial arts have been integrated in the Physical Education and well-being curriculum at the secondary stage.,माध्यमिक स्तर पर शारीरिक शिक्षा और कल्याण पाठ्यक्रम में स्वदेशी और अंतर्राष्ट्रीय युद्ध कला को एकीकृत किया गया है।,Indigenous and international martial arts have been integrated into the physical education and welfare curriculum at the secondary level.
AU3699,Answer,21,"The Physical Education and well-being textbooks from Grade 9 onwards include content on indigenous martial arts such as Kalaripayattu, Gatka, and Thang-Ta, along with international martial arts like Taekwondo and Judo.","9वीं कक्षा से शारीरिक शिक्षा और कल्याण पाठ्यपुस्तकों में कलरीपयट्टू, गतका और थांग-ता जैसे स्वदेशी युद्ध कला के साथ-साथ ताइक्वांडो और जूडो जैसे अंतर्राष्ट्रीय युद्ध कला के विषय शामिल हैं।","Physical education and welfare textbooks from class 9th onwards include topics from indigenous combat arts like Kalaripayattu, Gatka and Thang-Ta, as well as international combat sports like Taekwondo and Judo."
AU3699,Answer,22,"These inclusions aim to promote self-defence skills, physical fitness, discipline and awareness of India’s traditional martial arts heritage among students through the school curriculum.","ये सम्मिलन विद्यालय पाठ्यक्रम के माध्यम से छात्रों में आत्मरक्षा कौशल, शारीरिक फिटनेस, अनुशासन और भारत के पारंपरिक युद्ध कला विरासत के प्रति जागरूकता को बढ़ावा देने का लक्ष्य रखते हैं।","These affiliated schools aim to promote self-defense skills, physical fitness, discipline, and an awareness of India's traditional martial arts heritage among students through the curriculum."
AU3699,Answer,23,"As per NCF-SE, 2023, capacity building and training of teachers are integral components of the implementation of the Physical Education and Well-being.","एन.सी.एफ.-एस.ई., 2023 के अनुसार, क्षमता निर्माण और शिक्षकों का प्रशिक्षण शारीरिक शिक्षा और कल्याण के कार्यान्वयन के अभिन्न अंग हैं।","As per NCF-SE, 2023, capacity building and teacher training are integral to the implementation of physical education and well-being."
AU3699,Answer,24,"NCERT and other concerned institutions organise orientation and training programmes for teachers to familiarise them with the curriculum, pedagogical approaches and activities included in the Physical Education textbooks.","एन.सी.ई.आर.टी. और अन्य संबंधित संस्थान शिक्षकों को शारीरिक शिक्षा की पाठ्यपुस्तकों में शामिल पाठ्यक्रम, शिक्षण दृष्टिकोण और गतिविधियों से परिचित कराने के लिए अभिविन्यास और प्रशिक्षण कार्यक्रम आयोजित करते हैं।","NCERT and other related institutions organize orientation and training programmes to familiarize the teachers with the curriculum, teaching approaches, and activities included in the physical education textbooks."
AU3699,Answer,25,"These training and orientation programmes include guidance on the conduct of traditional and indigenous games, sports activities and related practices so that Physical Education teachers can effectively implement them in schools and promote India’s traditional sporting heritage among students.","इन प्रशिक्षण और अभिविन्यास कार्यक्रमों में पारंपरिक और स्वदेशी खेलों, खेल गतिविधियों और संबंधित प्रथाओं के संचालन पर मार्गदर्शन शामिल है ताकि शारीरिक शिक्षा के शिक्षक उन्हें विद्यालयों में प्रभावी ढंग से लागू कर सकें और छात्रों के बीच भारत के पारंपरिक खेल विरासत को बढ़ावा दे सकें।","These training and orientation programs include guidance on conducting traditional and indigenous games, sports activities, and related practices so that physical education teachers can effectively implement them in schools and promote India's traditional sports heritage among students."
AU3699,Answer,26,"NCERT regularly conducts capacity building programmes, Teacher Training programmes, for the master trainers, and Key resource persons of various states, from CBSE, Kendriya Vidyalayas, Navodaya Vidyalayas, SCERTs, DMSs, RIEs and Atomic Energy Education Society, etc.","एन.सी.ई.आर.टी. सी.बी.एस.ई., केंद्रीय विद्यालय, नवोदय विद्यालय, एस.सी.ई.आर.टी., डी.एम.एस., आर.आई.ई. और परमाणु ऊर्जा शिक्षा सोसायटी आदि से विभिन्न राज्यों के मास्टर प्रशिक्षकों और प्रमुख संसाधनों के लिए नियमित रूप से क्षमता निर्माण कार्यक्रम, शिक्षक प्रशिक्षण कार्यक्रम आयोजित करता है।","NCERT CBSE, Kendriya Vidyalaya, Navodaya Vidyalaya, SCERT, DMIS, RIE and Atomic Energy Education Society etc. regularly organize capacity building programmes, teacher training programmes for master trainers and key resources persons from various states."
AU3699,Answer,27,"The students of Kendriya Vidyalaya Sangathan (Boys and Girls) from Classes VI to XII are provided training in martial arts disciplines such as Judo, Taekwondo, Boxing and Wrestling under the Sports curriculum.","केंद्रीय विद्यालय संगठन (लड़के और लड़कियां) के कक्षा 6 से 12 तक के छात्रों को खेल पाठ्यक्रम के तहत जूडो, ताइक्वांडो, मुक्केबाजी और कुश्ती जैसे युद्ध कला के विषयों में प्रशिक्षण दिया जाता है।","Students from Kendriya Vidyalaya Sangathan (Boys and Girls) from classes VI to X are trained in martial arts such as Judo, Taekwondo, Boxing and Wrestling under the sports curriculum."
AU3699,Answer,28,"These sports disciplines are also included in the Regional and National Sports Meets of KVS, as well as in the National School Games organized by the School Games Federation of India (SGFI).",इन खेल विषयों को के.वी.एस. के क्षेत्रीय और राष्ट्रीय खेल प्रतियोगिताओं के साथ-साथ भारतीय स्कूल खेल महासंघ (एस.जी.एफ.आई.) द्वारा आयोजित राष्ट्रीय स्कूल खेलों में भी शामिल किया जाता है।,"These sports are also included in the regional and national games of KVS, as well as the National School Games conducted by the Sports Federation of India (SGFI)."
AU3699,Answer,29,"Further, special training in self-defence skills is also provided to the students under the PM SHRI Scheme.","इसके अलावा, पी.एम. श्री योजना के तहत छात्रों को आत्मरक्षा कौशल में विशेष प्रशिक्षण भी प्रदान किया जाता है।","In addition, students are also provided special training in self-defense skills under PM Shri Yojana."
AU3699,Answer,30,Self-defense training is imparted to all girl students in all Jawahar Navodaya Vidyalayas under the PM SHRI Scheme.,प्रधानमंत्री श्री योजना के तहत सभी जवाहर नवोदय विद्यालय में सभी छात्राओं को आत्मरक्षा प्रशिक्षण दिया जाता है।,"Under the Pradhan Mantri Shri Yojana, self-defense training is given to all the girls in all Jawahar Navodaya Vidyalayas."
AU3699,Answer,31,"Further, in order to boost the physical and mental strength of girls and to equip them to face any unprecedented situation in school or thereafter self defence training is provided to girls of class VI to XII of Government Schools under ""Rani Laxmi Bai Atma Raksha Prashikshan"" of Samagra Shiksha.","इसके अलावा, लड़कियों की शारीरिक और मानसिक शक्ति को बढ़ावा देने और उन्हें किसी भी अप्रत्याशित स्थिति का सामना करने के लिए तैयार करने के लिए, सरकारी विद्यालयों के कक्षा 6 से 12 तक की लड़कियों को समग्र शिक्षा के ""रानी लक्ष्मी बाई आत्म रक्षा प्रशिक्षण"" के तहत ""राणी लक्ष्मी बाई आत्म रक्षा प्रशिक्षण"" के तहत आत्मरक्षा प्रशिक्षण प्रदान किया जाता है।","In addition, to promote physical and mental strength among girls and to prepare them to face any untoward situation, the girls from class 6th to 12th of government schools are provided self-defence training under ""Rani Laxmi Bai Self Defence Training"" under ""Rani Laxmi Bai Self Defence Training"" of Samagra Shiksha."
AU3816,Question,1,"Will the Minister of EDUCATION be pleased to state: (a) whether the criteria for providing 10 per cent reservation to the Economically Weaker Section (EWS) category in educational institutions in the country has been implemented in accordance with the provision of 103rd Constitutional Amendment Act, 2019 of the Constitution, if so, the details thereof; (b) whether providing admission to the EWS category is mandatory for all the Central, State, Government funded and Private (non-minority) educational institutions, if so, the legal basis thereof; (c) the details of the number of students admitted under EWS category against the total seats available in Government and Non-Governmental institutions across the country during the last five years, year-wise and State-wise; (d) the details of admission under EWS category in Government and Non-Government Post- Matric educational institutions in the districts of Jaunpur, Moradabad, Bareilly, Badaun, Shahjahanpur, Meerut, Noida and Ghaziabad during the last five years, year-wise; and (e) the monitoring mechanism put in place by the Government to ensure transparency in the admission under the EWS category in educational institutions?","क्या शिक्षा मंत्री इस बात से प्रसन्न होंगे कि: (क) क्या देश में शैक्षिक संस्थानों में आर्थिक रूप से कमजोर वर्ग (ई.डब्ल्यू.एस.) श्रेणी के लिए 10 प्रतिशत आरक्षण प्रदान करने के मानदंड 103वें संविधान संशोधन अधिनियम, 2019 के प्रावधान के अनुसार लागू किए गए हैं, यदि हाँ, तो उनका विवरण; (ख) क्या ई.डब्ल्यू.एस. श्रेणी में प्रवेश सभी केंद्रीय, राज्य, सरकारी वित्त पोषित और निजी (गैर-अल्पसंख्यक) शैक्षणिक संस्थानों के लिए अनिवार्य है, यदि हाँ, तो इसका विवरण; (ग) पिछले पाँच वर्षों के दौरान देश भर में सरकारी और गैर-सरकारी संस्थानों में उपलब्ध कुल सीटों के मुकाबले ई.डब्ल्यू.एस. श्रेणी के तहत दाखिला लेने वाले छात्रों का वर्षवार और राज्यवार विवरण; (घ) सरकारी और गैर-सरकारी मैट्रिक के बाद के शैक्षणिक संस्थानों में ई.डब्ल्यू.एस. श्रेणी के तहत दाखिला लेने वाले छात्रों का विवरण।","Will the education minister be pleased with the fact that: (a) The details of the criteria proposed to be followed for granting 10 percent reservation in educational institutions in the country to the Economically Weaker Sections (EWS) among the general category, as provided in the Constitution (Amendment) Act, 2019, from the point of view of the criteria; (b) Whether the EWS criteria proposed in the Constitution (Amendment) Act, 2019, is reasonable and justified or not? Admission to SCs in Kindergartens Entrance tests for all Central, State, Government and private (Non-Minority) educational institutions are compulsory if an entrance test is conducted, then (i) Statistical data relating to number of seats available in Government and Non-Government institutions over the last five years, along with annual and State-wise breakup of EWS category students enrolled in an institution (ii) Statistical data relating to number of seats available in Government and Non-Government institutions after matriculation (iii) Statistical data relating to number of seats available in Government and Non-Government institutions after matriculation (iv) Statistical data relating to number of seats available in Government and Non-Government institutions after matriculation (iii) i.e."
AU3816,Answer,1,"to (e): Education is a subject in the Concurrent List of the Seventh Schedule to the Constitution of India, Centre and States are equally responsible for providing quality education to all.","भारत, केंद्र और राज्य सभी को गुणवत्तापूर्ण शिक्षा प्रदान करने के लिए उत्तरदायी हैं और शिक्षा (ई): भारत, केंद्र और राज्यों की सातवीं अनुसूची की समवर्ती सूची में शिक्षा एक विषय है।","India, the Centre and States are equally responsible for providing quality education and education (E): Education is a subject in the Concurrent List of the Seventh Schedule of the Constitutions of the Republic of India at the Centre and of the States."
AU3816,Answer,2,"The Universities, including Central Universities, are statutory autonomous organizations established under respective Central/ State Acts and governed by provisions of the Acts/Statutes/Ordinances/Regulations made thereunder.","केंद्रीय विश्वविद्यालयों सहित विश्वविद्यालय, संबंधित केंद्रीय/राज्य अधिनियमों के तहत स्थापित वैधानिक स्वायत्त संगठन हैं और अधिनियमों/विधियों/आदेशों/विनियमों के प्रावधानों द्वारा शासित हैं।",Central Universities including the University are statutory autonomous bodies established under the corresponding Central/State Acts and are governed by the Acts/Rules/Regulations in force.
AU3816,Answer,3,There are a total of 1279 universities out of which 57 Universities are Central Universities.,कुल 1279 विश्वविद्यालय हैं जिनमें से 57 विश्वविद्यालय केंद्रीय विश्वविद्यालय हैं।,There are a total of 1279 universities which are affiliated to 57 central universities.
AU3816,Answer,4,"Further, in accordance with the provisions of the Constitution (one hundred and third) Amendment Act, 2019 and in compliance to instructions received from the Ministry of Social Justice and Empowerment, the nodal Ministry in the matter, vide this Department’s O.M.","इसके अलावा, संविधान (एक सौ तीसरा) संशोधन अधिनियम, 2019 के प्रावधानों के अनुसार और सामाजिक न्याय और अधिकारिता मंत्रालय से प्राप्त निर्देशों के अनुपालन में, इस विभाग के ओ.एम. के माध्यम से, इस मामले में नोडल मंत्रालय को स्वीकृति प्रदान की गई है।","In addition, in compliance with the provisions of the Constitution (One Hundredth Amendment) Act, 2019 and the directives from the Ministry of Social Justice and Empowerment, the Nodal Ministry has been granted approval in this regard through the OM of this Department."
AU3816,Answer,5,"No.12- 4/2019-U1 dated 17th January, 2019 instructions have been issued to provide reservation in admission for the Economically Weaker Sections (EWSs) to Central Educational Institutions (CEIs) [as defined in clause (d) of section (2) of the Central Educational Institutions (Reservation in Admission) Act, 2006] subject to a maximum of ten per cent of the total seats in each category.","17 जनवरी, 2019 को जारी 12-4/2019-U1 संख्या के निर्देशों में आर्थिक रूप से कमजोर वर्गों (ईडब्ल्यूएस) के लिए केंद्रीय शैक्षणिक संस्थानों (सीईआईएस) में प्रवेश में आरक्षण प्रदान करने के लिए निर्देश जारी किए गए हैं, जो प्रत्येक श्रेणी में कुल सीटों के अधिकतम दस प्रतिशत तक होंगे।","In terms of the instructions issued on January 17, 2019, dated 12-4/2019-U1, reservations for economically weaker sections (EWS) in admission to central educational institutions (CEIs) are to be made by the EWS category (up to 10 percent of the total seats) in each category."
AU3816,Answer,6,"In this regard, an amount of Rs.","इस संबंध में, रुपये की एक राशि।","In this regard, Rs."
AU3816,Answer,7,4315.15 Crores has been sanctioned for creation of additional seats in the CEIs.,सी.ई.आई. में अतिरिक्त सीटें बनाने के लिए 4315.15 करोड़ रुपये स्वीकृत किए गए हैं।,An additional ₹4315.15 crore has been approved by the Ceni for creation of additional seats.
AU4034,Question,1,"Will the Minister of SOCIAL JUSTICE AND EMPOWERMENT be pleased to state: (a) whether special education and rehabilitation services are being provided to the visually impaired and hearing impaired persons through the National Institutes established under the Department of Empowerment of Persons with Disabilities (DEPwD); (b) if so, the steps taken for the expansion or upgradation of the said services; (c) whether similar specialized services are also being provided through dedicated National Institutes for other major categories of disabilities, if so, the details thereof; and (d) the total number of beneficiaries receiving education and rehabilitation services through the said National Institutes at present, State-wise?","सामाजिक न्याय और अधिकारिता मंत्री महोदय, यह बताएँगे कि क्या यह संभव है? (क) क्या दिव्यांगजन सशक्तीकरण विभाग (डी.ई.पी.डब्ल्यू.डी.) के अंतर्गत स्थापित राष्ट्रीय संस्थानों के माध्यम से दृष्टिबाधित और श्रवणबाधित व्यक्तियों को विशेष शिक्षा और पुनर्वास सेवाएँ प्रदान की जा रही हैं; (ख) यदि हाँ, तो क्या उक्त सेवाओं के विस्तार या उन्नयन हेतु कदम उठाए जा रहे हैं; (ग) यदि हाँ, तो क्या अन्य प्रमुख श्रेणियों की विकलांगताओं के लिए भी समर्पित राष्ट्रीय संस्थानों के माध्यम से इसी प्रकार की विशेष सेवाएँ प्रदान की जा रही हैं; (घ) यदि हाँ, तो क्या उनके लिए भी पर्याप्त धनराशि का प्रावधान किया गया है? उसके विवरण; और (ख) वर्तमान में उक्त राष्ट्रीय संस्थानों के माध्यम से शिक्षा और पुनर्वास सेवाएँ प्राप्त करने वाले लाभार्थियों की कुल संख्या राज्यवार?","Minister of Social Justice and Empowerment, will you tell if this is possible? ) Department of Empowerment of Persons with Disabilities (D.E.P.W.D) With regard to the above, it is proposed to provide for special education and rehabilitation services to persons with visual and hearing impairment through the national institutes set up under clause (a) above; (c) to what extent the above mentioned services are being extended or will be extended to other major categories of disabled persons through dedicated national institutes; and (d) to what extent any such special services are being provided through the national institutes set up for other sections of the society. Details of those; and (b) State-wise total number of beneficiaries currently receiving education and rehabilitation services through the aforesaid National Institutes?"
AU4034,Answer,1,"& (b): National Institutes (NIs) under the Department of Empowerment of Persons with Disabilities (DEPwD) provide special education, vocational training, skill development, early identification and intervention, therapeutic and rehabilitation services, audiology and speech therapy, Braille literacy, assistive device support services to persons with visual and hearing disabilities.","(ख): दिव्यांगजन सशक्तीकरण विभाग (डी.ई.पी.डब्ल्यू.डी.) के तहत राष्ट्रीय संस्थान (एन.आई.) दृष्टि और श्रवण विकलांग व्यक्तियों को विशेष शिक्षा, व्यावसायिक प्रशिक्षण, कौशल विकास, प्रारंभिक पहचान और हस्तक्षेप, चिकित्सीय और पुनर्वास सेवाएँ, श्रव्यविज्ञान और वाक् चिकित्सा, ब्रेल साक्षरता, सहायक उपकरण सहायता सेवाएँ प्रदान करते हैं।","(b): National Institute (NI) under Divyangjan Sashaktikaran Vibhag (DEPWD) provides specialized education, vocational training, skill development, early identification and intervention, therapeutic and rehabilitation services, audiology and speech therapy, braille literacy, and assistive devices support services to the persons with visual and hearing impairment."
AU4034,Answer,2,"These services are provided through institutions such as National Institute for the Empowerment of Persons with Visual Disabilities (NIEPVD), Dehradun, the Ali Yavar Jung National Institute of Speech and Hearing Disabilities (Divyangjan) [AYJNISHD(D)], Mumbai and the National Institute for the Empowerment of Persons with Multiple Disabilities (Divyangjan) [NIEPMD (D)], Chennai.","ये सेवाएँ राष्ट्रीय दृष्टिबाधित सशक्तीकरण संस्थान (एन.आई.ई.पी.वी.डी.), देहरादून, अली यावर जंग राष्ट्रीय श्रवण और दृष्टिबाधित संस्थान (दिव्यांगजन) [ए.वाई.जे.एन.आई.एस.एच.डी.(डी.)], मुंबई और राष्ट्रीय दृष्टिबाधित सशक्तीकरण संस्थान (दिव्यांगजन) [एन.आई.ई.पी.एम.डी.(डी.)), चेन्नई जैसे संस्थानों के माध्यम से प्रदान की जाती हैं।","These services are provided by the National Institute for the Blind (NIB), Dehradun, Ali Yar Jung National Institute for the Blind (Divyangjan), [A.Y.J.N.I.S.H.D.(D)], Mumbai and National Institute for the Blind (Divyangjan), [N.I.E.P.M.D.(D)], Chennai through institutions like NIB."
AU4034,Answer,3,"The Government has undertaken various measures for expansion, upgradation of services, including strengthening infrastructure, establishing Regional Chapters and Composite Regional Centres, offering new skill training programmes, adopting modern assistive technologies, digitization of learning materials, and expanding outreach programmes for early detection and intervention.","सरकार ने विस्तार, सेवाओं के उन्नयन, बुनियादी ढांचे को मजबूत करने, क्षेत्रीय अध्याय और समग्र क्षेत्रीय केंद्रों की स्थापना, नए कौशल प्रशिक्षण कार्यक्रम शुरू करने, आधुनिक सहायक प्रौद्योगिकियों को अपनाने, सीखने की सामग्री का डिजिटलीकरण करने और प्रारंभिक पता लगाने और हस्तक्षेप के लिए पहुंच कार्यक्रमों का विस्तार करने के लिए विभिन्न उपाय किए हैं।","The government has taken various measures to expand, upgrade services, strengthen infrastructure, establish regional chapters and comprehensive regional centers, launch new skill training programs, adopt modern support technologies, digitize learning materials, and expand access programs for early detection and intervention."
AU4034,Answer,4,"These initiatives include establishment of smart classes, development of accessible digital learning resources, integration of AI-based assistive technologies, strengthening of assistive technology laboratories, and promotion of ICT-based accessible services to support inclusive education and rehabilitation.","इन पहलों में स्मार्ट कक्षाओं की स्थापना, सुलभ डिजिटल शिक्षण संसाधनों का विकास, एआई-आधारित सहायक प्रौद्योगिकियों का एकीकरण, सहायक प्रौद्योगिकी प्रयोगशालाओं को मजबूत करना और समावेशी शिक्षा और पुनर्वास का समर्थन करने के लिए आईसीटी-आधारित सुलभ सेवाओं को बढ़ावा देना शामिल है।","These initiatives include the establishment of smart classrooms, the development of accessible digital learning resources, the integration of AI-based assistive technologies, the strengthening of supportive technology laboratories, and the promotion of ICT-based accessible services to support inclusive education and rehabilitation."
AU4034,Answer,5,"Two (02) new National Institutes have been established during last ten (10) years, increasing the total number of National Institutes to nine.","पिछले दस (10) वर्षों के दौरान दो (02) नए राष्ट्रीय संस्थान स्थापित किए गए हैं, जिससे राष्ट्रीय संस्थानों की कुल संख्या नौ हो गई है।","Two (02) new National Institutes have been established during the last ten (10) years, thus increasing the total number of National Institutes to nine."
AU4034,Answer,6,"The numbers of Composite Regional Centres, an extended arm of the National Institutes which provide education and rehabilitation services to all types of disabilities have also been increased from eight (08) to thirty (30) during the last ten (10) years.","राष्ट्रीय संस्थानों की एक शाखा, जो सभी प्रकार की विकलांगताओं को शिक्षा और पुनर्वास सेवाएँ प्रदान करती हैं, ऐसे संयुक्त क्षेत्रीय केंद्रों की संख्या में भी पिछले दस वर्षों (10) के दौरान आठ (08) से बढ़ कर तीस (30) कर दी गई है।","A branch of national level institutions, which provides services of education and rehabilitation to all sections of disabled persons, has also been enlarged over the past decade (10) from eight (08) such Joint Regional Centres to thirty (30)."
AU4034,Answer,7,"& (d): Specialized education and rehabilitation services are provided through the other National Institutes, under the Department catering to various categories of disabilities.","(डी): विशेष शिक्षा और पुनर्वास सेवाएँ अन्य राष्ट्रीय संस्थानों के माध्यम से प्रदान की जाती हैं, जो विभिन्न प्रकार की विकलांगताओं को पूरा करते हैं।",(D): Special education and rehabilitation services are provided through other national institutions that cover a variety of disabilities.
AU4034,Answer,8,"National Institutes & their Composite Regional Centres, all taking together, have been geared to cater to all twenty one (21) Notified Disabilities.","राष्ट्रीय संस्थान और उनके संयुक्त क्षेत्रीय केंद्र, सभी मिलकर, उन्नीस (21) अधिसूचित विकलांगों की पूर्ति के लिए तैयार हैं।","National Institutes and their Joint Regional Centres,  together, are committed to fill the gaps in the provision of the nineteen (21)  notified Disabilities."
AU4034,Answer,9,"These other National Institutes include: (i) National Institute for the Empowerment of Persons with Intellectual Disabilities (NIEPID), Secunderabad – providing services related to intellectual disabilities including special education, early intervention, skill training and rehabilitation.","इन अन्य राष्ट्रीय संस्थानों में शामिल हैंः (i) राष्ट्रीय बौद्धिक अक्षमता सशक्तीकरण संस्थान (एन.आई.ई.पी.आई.डी.), सिकंदराबाद - बौद्धिक अक्षमता से संबंधित विशेष शिक्षा, प्रारंभिक हस्तक्षेप, कौशल प्रशिक्षण और पुनर्वास सहित सेवाओं की पेशकश करता है।","Other national institutions include: (i) The National Institute for the Empowerment of Persons with Disabilities (NIPED), Secunderabad which offers services related to special education, early intervention, skill-training and rehabilitation."
AU4034,Answer,10,"(ii) Indian Sign Language Research and Training Centre (ISLRTC), New Delhi – to develop, promote and standardize Indian Sign Language (ISL).","(ii) भारतीय सांकेतिक भाषा अनुसंधान और प्रशिक्षण केंद्र (आई.एस.एल.आर.टी.सी.), नई दिल्ली - भारतीय सांकेतिक भाषा (आई.एस.एल.) को विकसित करने, बढ़ावा देने और मानकीकृत करने के लिए।","(ii) Indian Sign Language Research and Training Center (ISLRTC), New Delhi – for developing, promoting and standardizing Indian sign language (ISL)."
AU4034,Answer,11,"(iii) National Institute for Locomotor Disabilities (NILD), Divyangjan, Kolkata – providing services relating to locomotor disabilities including orthopaedic rehabilitation, physiotherapy, prosthetics and orthotics training.","(iii) राष्ट्रीय गतिहीनता संस्थान (एन.आई.एल.डी.), दिव्यांगजन, कोलकाता - अस्थि संबंधी पुनर्वास, फिजियोथेरेपी, कृत्रिम अंग और ऑर्थोटिक्स प्रशिक्षण सहित गतिहीनता से संबंधित सेवाएँ प्रदान करता है।","(iii) National Institute of Limbless Disabled (NILD), Divyangjan, Kolkata, provides services related to disability including orthopedic rehabilitation, physiotherapy, prosthesis and orthotics training."
AU4034,Answer,12,"(iv) National Institute of Mental Health Rehabilitation (NIMHR), Sehore- providing multidisciplinary mental health rehabilitation services.","(iv) राष्ट्रीय मानसिक स्वास्थ्य पुनर्वास संस्थान (NIMHR), सेहोर - बहु-विषयक मानसिक स्वास्थ्य पुनर्वास सेवाएँ प्रदान करता है।",(iv) National Institute of Mental Health and Neurosciences (NIMHR) Sehore provides Comprehensive Multi-Specialty Mental Health Rehabilitation Services.
AU4034,Answer,13,"Swami Vivekanand National Institute of Rehabilitation Training and Research (SVNIRTAR), Cuttack – providing rehabilitation services, training and research in the field of locomotor disabilities and blood disorders.","स्वामी विवेकानंद राष्ट्रीय पुनर्वास प्रशिक्षण और अनुसंधान संस्थान (एस.वी.एन.आई.आर.टी.ए.आर.), कटक - गतिज विकलांगता और रक्त विकारों के क्षेत्र में पुनर्वास सेवाएँ, प्रशिक्षण और अनुसंधान प्रदान करता है।","Swami Vivekananda National Institute of Rehabilitation Training and Research (SVNIRTAR), Cuttack provides rehabilitation services, training and research in the area of kinetic disability and blood disorders."
AU4034,Answer,14,"Deendayal Upadhyaya National Institute for Persons with Physical Disabilities (PDUNIPPD), New Delhi – providing rehabilitation, therapy, training and assistive technology services for persons with physical disabilities.","दीनदयाल उपाध्याय राष्ट्रीय दिव्यंगजन राष्ट्रीय संस्थान (पी.डी.यू.एन.आई.पी.डी.), नई दिल्ली - शारीरिक विकलांग व्यक्तियों के लिए पुनर्वास, चिकित्सा, प्रशिक्षण और सहायक प्रौद्योगिकी सेवाएँ प्रदान करता है।","Deendayal Upadhyay National Institute of Visually Impaired (P.D.U.N.I.P.D.), New Delhi provides rehabilitation, medical, training and assistive technology services for persons with visual impairment."
AU4034,Answer,15,"These National Institutes also provide other services such as special education, skill training, therapeutic interventions, early intervention programmes, production and distribution of assistive devices, and training of rehabilitation professionals in their areas.","ये राष्ट्रीय संस्थान विशेष शिक्षा, कौशल प्रशिक्षण, चिकित्सीय हस्तक्षेप, प्रारंभिक हस्तक्षेप कार्यक्रम, सहायक उपकरणों का उत्पादन और वितरण और उनके क्षेत्रों में पुनर्वास पेशेवरों को प्रशिक्षण जैसी अन्य सेवाएँ भी प्रदान करते हैं।","These national institutes also provide other services like special education, skill training, therapeutic intervention, early intervention programmes, production and distribution of assistive devices and training of rehabilitation professionals in their areas."
AU4034,Answer,16,"A total of 12,65,764 beneficiaries have been provided with rehabilitation services by all National Institutes under the Department during current financial year (till date).","वर्तमान वित्तीय वर्ष (आज तक) के दौरान विभाग के अंतर्गत सभी राष्ट्रीय संस्थानों द्वारा कुल 12,65,764 लाभार्थियों को पुनर्वास सेवाएँ प्रदान की गई हैं।","A total of 12,65,764 beneficiaries have been provided with rehabilitation services by all the National Institutes under the Department during the present Financial Year (till date)."
AU4034,Answer,17,The Institute-wise details of student intake for courses conducted and the rehabilitation services provided are given at Annexure.,"संस्थानवार छात्र-संख्या विवरण, पाठ्यक्रमों के लिए आयोजित छात्र-संख्या और प्रदान की जाने वाली पुनर्वास सेवाओं, अनुलग्नक में दिए गए हैं।","Institutionwise student enrollment, student enrollment for courses and the rehabilitation services provided are given in the annexure."
AU4272,Question,1,"Will the Minister of MINORITY AFFAIRS be pleased to state: (a) whether the Government has assessed the status of educational access and retention among minority students particularly girls and if so, the details thereof; (b) whether schemes aimed at empowering minority women through education, skill training and economic participation are yielding desired outcomes and if so, the details thereof; (c) whether barriers such as financial constraints, social factors and lack of institutional support continue to affect participation and if so, the details thereof; (d) the steps taken/being taken to strengthen scholarships, hostels, coaching and capacitybuilding initiatives for minority women; and (e) whether minority women and girl students in districts like Davanagere are receiving adequate institutional support to continue education and skill training especially at the secondary and higher levels and if so, the details thereof?","अल्पसंख्यक मामलों के मंत्री महोदय, क्या यह भी बताएँगे कि: (क) क्या सरकार ने अल्पसंख्यक छात्रों, विशेषकर लड़कियों, के बीच शैक्षिक पहुँच और प्रतिधारण की स्थिति का आकलन किया है और यदि किया है, तो उसका विवरण; (ख) क्या शिक्षा, कौशल प्रशिक्षण और आर्थिक भागीदारी के माध्यम से अल्पसंख्यक महिलाओं को सशक्त बनाने के उद्देश्य से की गई योजनाओं के वांछित परिणाम प्राप्त हो रहे हैं और यदि प्राप्त हो रहे हैं, तो उनका विवरण; (ग) क्या वित्तीय बाधाएँ, सामाजिक कारक और संस्थागत समर्थन की कमी जैसी बाधाएँ भागीदारी को प्रभावित करती हैं और यदि करती हैं, तो उनका विवरण; (घ) क्या अल्पसंख्यक महिलाओं के लिए शिक्षा, कौशल प्रशिक्षण और आर्थिक भागीदारी के माध्यम से सशक्तीकरण के उद्देश्य से की गई योजनाओं का विवरण; (ङ) क्या अल्पसंख्यक महिलाओं के लिए शिक्षा, कौशल प्रशिक्षण और आर्थिक भागीदारी के माध्यम से सशक्तीकरण के उद्देश्य से की गई योजनाओं का विवरण; (ට) क्या अल्पसंख्यक महिलाओं के लिए शिक्षा, कौशल प्रशिक्षण और आर्थिक भागीदारी के माध्यम से सशक्तीकरण के उद्देश्य से की गई योजनाओं का विवरण; (ඪ) क्या अल्पसंख्यक महिलाओं के लिए शिक्षा, कौशल प्रशिक्षण और आर्थिक भागीदारी के माध्यम से सशक्तीकरण के उद्देश्य से की गई योजनाओं का विवरण; ( इसके विवरण; (ख) अल्पसंख्यक महिलाओं के लिए छात्रवृत्तियों, छात्रावासों, कोचिंग और क्षमता निर्माण पहलों को मजबूत करने के लिए उठाए गए/किया जा रहे कदम; और (ङ) क्या दाभनगेरे जैसे जिलों में अल्पसंख्यक महिलाओं और छात्राओं को शिक्षा और कौशल प्रशिक्षण जारी रखने के लिए पर्याप्त संस्थागत समर्थन प्राप्त हो रहा है, विशेष रूप से माध्यमिक और उच्चतर शिक्षा में।","Minister of the Interior, would you also please make it clear that: (a) Has the Government undertaken any assessment of the educational reach and retention of minority students, particularly girls, and if so, has it reported on them; (b) Have the intended outcomes of the schemes for the empowerment of minority women through education, skill training and economic participation been achieved, and if so, have they reported on them; (c) Have the financial constraints, social factors and lack of institutional support that hinder participation been identified and, if so, have they been reported; and (d) Has there been any impact of the identified constraints on the achievement of the intended outcomes of the schemes for the empowerment of minority women through education, skill training and economic participation, and if so, has it been reported Details of schemes aimed at Empowerment of Minorities Minorities (i) Scheme for Empowerment of Minorities Minorities (i) Educational and Skill Training and Economic Partnership for Empowerment of Minorities Empowerment of Minorities Minority Women Educational and Skill Training and Economic Partnership for Empowerment of Minorities Scheme for Empowerment of Minorities Minorities (i) Educational and Skill Training and Economic Partnership for Empowerment of Minorities Scheme for Empowerment of Minorities Minority Women Educational and Skill Training and Economic Partnership for Empowerment of Minorities Scheme for Empowerment of Minorities Minority Women Educational and Skill Training and Economic Partnership for Empowerment of Minorities Scheme for Empowerment of Minority Women Minority Women Educational and Skill Training and Economic Partnership for Empowerment of Minorities Scheme for Empowerment of Minority Women Minority Women Educational and Skill Training and Economic Partnership for Empowerment of Minorities Scheme for Empowerment of Minority Women Minority Women Educational and Sk"
AU4272,Answer,1,THE MINISTER OF MINORITY AFFAIRS (SHRI KIREN RIJIJU) (a) to (e): It is the mandate of the Ministry of Education to oversee all aspects related to access and retention of students including minority students across the country.,अल्पसंख्यक मामलों के मंत्री (श्री किरेन रिजिजू) (a) से (e): देश भर के अल्पसंख्यक छात्रों सहित छात्रों के अभिगम और प्रतिधारण से संबंधित सभी पहलुओं की देखरेख करना शिक्षा मंत्रालय का दायित्व है।,Minister of the Ministry of Minority Affairs (Mr. Kiren Rijiju) (a) to (e): The Ministry of Education is mandated to look after the affairs of Minority Students enrolled across the country including their access and retention.
AU4272,Answer,2,"Ministry of Minority Affairs specifically implements the three Scholarship schemes namely Pre-Matric, Post-Matric and Merit-cum-Means based Scholarship for the six notified religious minority communities.","अल्पसंख्यक कार्य मंत्रालय विशेष रूप से छह अधिसूचित धार्मिक अल्पसंख्यक समुदायों के लिए पूर्व-मैट्रिक, पोस्ट-मैट्रिक और योग्यता-सह-मार्ग आधारित छात्रवृत्ति नामक तीन छात्रवृत्ति योजनाओं को लागू करता है।","The Ministry of Minority Affairs implements three student scholarship schemes, namely Pre-Matric, Post-Matric, and Eligibility-cum-Pathway-based Scholarships, specifically for six notified religious minority communities."
AU4272,Answer,3,"However, these Scholarship schemes have not been approved for implementation beyond the academic year 2021-22.","हालाँकि, इन छात्रवृत्ति योजनाओं को 2021-22 शैक्षणिक वर्ष से आगे के कार्यान्वयन के लिए अनुमोदित नहीं किया गया है।","However, these scholarship schemes have not been approved for implementation beyond the academic year 2021-22."
AU4272,Answer,4,"Further, this Ministry also implements various schemes for the upliftment of economically disadvantaged group from minority communities.","इसके अतिरिक्त, यह मंत्रालय अल्पसंख्यक समुदायों के आर्थिक रूप से वंचित समूह के उत्थान के लिए विभिन्न योजनाओं का भी कार्यान्वयन करता है।","Additionally, the ministry also implements various schemes for the upliftment of economically disadvantaged groups of minority communities."
AU4272,Answer,5,The Pradhan Mantri Virasat Ka Samvardhan (PM VIKAS) Scheme aims to build capacity of minority communities through targeted interventions by providing skill training support in need-based courses and ensuring employment / livelihood opportunities for them.,"प्रधानमंत्री वीर रसद संग्रह (पी.एम. विकस) योजना का उद्देश्य अल्पसंख्यक समुदायों की क्षमता निर्माण करना है, जिसमें आवश्यकता आधारित पाठ्यक्रमों में कौशल प्रशिक्षण सहायता प्रदान करके लक्षित हस्तक्षेप के माध्यम से उनकी रोजगार/आजीविका सुनिश्चित की जाती है।",Prime Minister Vir Sanchari Sampanj (PMVS) scheme aims to build the capacity of minority communities through targeted interventions such as skill training support in need-based curricula to ensure their employment/livelihood.
AU4272,Answer,6,The objective of the scheme is also to empower women from minority communities and instill confidence amongst them by providing leadership and entrepreneurship support.,इस योजना का उद्देश्य अल्पसंख्यक समुदायों की महिलाओं को सशक्त बनाना और नेतृत्व और उद्यमिता समर्थन प्रदान करके उनमें आत्मविश्वास पैदा करना भी है।,The objective of this scheme is to empower women from minority communities and to build their self-confidence by providing leadership and entrepreneurship support.
AU4272,Answer,7,The scheme is open for the entire country including the district of Davanagere.,यह योजना दाभानगेरे ज़िले सहित पूरे देश के लिए खुली है।,This scheme is open to all the districts of the country including Dabanegere.
